Date,Date,Time,Open,High,Low,Close,Volume,Level,Dividends,Stock_Splits,Weekday,MA5,MA10,MA20,MA50,BB_Middle,BB_Upper,BB_Lower,RSI,MACD,MACD_Signal,MACD_Histogram,Volume_MA,Volume_Ratio,Price_Change,High_Low_Range
2023-01-01 00:00:00-05:00,2023-01-01,00:00:00,128.46819253322403,129.0795653673567,122.4431638093713,127.81736755371094,369948500,1wk,0.0,0.0,6,,,,,,,,,0.0,0.0,0.0,,,,0.05192096884014361
2023-01-08 00:00:00-05:00,2023-01-08,00:00:00,128.65553264067182,133.04364272167805,126.33820847321671,132.8858642578125,333335200,1wk,0.0,0.0,6,,,,,,,,,0.11371627220742653,0.06317570678190362,0.050540565425522904,,,0.03965420976121803,0.050460101876991965
2023-01-15 00:00:00-05:00,2023-01-15,00:00:00,132.95492062754568,136.68235095350065,131.90966445789277,135.95263671875,271823400,1wk,0.0,0.0,6,,,,,,,,,0.23999753248338607,0.1356436681349702,0.10435386434841587,,,0.023078244462388042,0.03510550888013519
2023-01-22 00:00:00-05:00,2023-01-22,00:00:00,136.19915934679312,145.18246711281154,135.98221768465643,143.90054321289062,338655600,1wk,0.0,0.0,6,,,,,,,,,0.578507131800535,0.2856651666666656,0.29284196513386945,,,0.058460848468741,0.0639347789990201
2023-01-29 00:00:00-05:00,2023-01-29,00:00:00,142.9440581223183,155.19133225252133,139.354679947508,152.35137939453125,480249700,1wk,0.0,0.0,6,138.58155822753906,,,,,,,,1.0865473740668392,0.5239095167976072,0.562637857269232,,,0.058726923421951405,0.10394820426274262
2023-02-05 00:00:00-05:00,2023-02-05,00:00:00,150.44818371970064,153.07117909745259,147.14476686495271,148.9098663330078,330758800,1wk,0.23,0.0,6,142.80005798339843,,,,,,,,1.224363866117784,0.7137715899718245,0.5105922761459595,,,-0.022589313435825487,0.039798653900115714
2023-02-12 00:00:00-05:00,2023-02-12,00:00:00,149.07800878641822,154.391294188245,148.97925796607987,150.65817260742188,316792400,1wk,0.0,0.0,6,146.35451965332032,,,,,,,,1.3708589040163872,0.8800628596620836,0.4907960443543036,,,0.01174070138847827,0.03592261958644339
2023-02-19 00:00:00-05:00,2023-02-19,00:00:00,148.33730388638676,149.42366835355986,143.91286646196608,144.89059448242188,213742300,1wk,0.0,0.0,6,148.1421112060547,,,,,,,,1.1727418232011928,0.9503991184296607,0.22234270477153206,,,-0.03828254402121878,0.038034227903332656
2023-02-26 00:00:00-05:00,2023-02-26,00:00:00,145.87817855330138,149.23600736765022,142.11541567467538,149.15699768066406,273994900,1wk,0.0,0.0,6,149.1934020996094,,,,,,,,1.2293774954460162,1.014844507539304,0.21453298790671216,,,0.029445687716877833,0.04773890466888848
2023-03-05 00:00:00-05:00,2023-03-05,00:00:00,151.88279178712412,154.3616740763429,145.77943928176788,146.6584014892578,313350800,1wk,0.0,0.0,6,148.0548065185547,143.31818237304688,,,,,,,1.122966223831554,1.0390700484457853,0.08389617538576877,,,-0.016751451358357206,0.05851853495896471
2023-03-12 00:00:00-05:00,2023-03-12,00:00:00,145.9769526689644,154.79621636647911,145.86831621570633,153.07778930664062,410426600,1wk,0.0,0.0,6,148.88839111328124,145.84422454833984,,,,,,,1.3723196260099542,1.1119831518500423,0.2603364741599119,,,0.043771019949736756,0.05832263577368952
2023-03-19 00:00:00-04:00,2023-03-19,00:00:00,153.14689686563733,160.12920997936175,152.23829304234832,158.2626495361328,350100100,1wk,0.0,0.0,6,150.40928649902344,148.38190307617188,,,,,,,1.8212722627646656,1.2643087064377554,0.5569635563269102,,,0.03387075455542443,0.04985962866249033
2023-03-26 00:00:00-04:00,2023-03-26,00:00:00,157.95651533261287,162.95376161088404,154.04561842334613,162.85499572753906,267939700,1wk,0.0,0.0,6,154.00216674804688,151.07213897705077,,,,,,,2.3894810059932183,1.5024342569307272,0.8870467490624911,,,0.029017245729591856,0.05469984600559315
2023-04-02 00:00:00-04:00,2023-04-02,00:00:00,162.2328029024346,164.77092310312648,159.79343350580106,162.6179656982422,200156300,1wk,0.0,0.0,6,156.6943603515625,152.94388122558593,,,,,,79.64779229963264,2.7700210965345207,1.7676143695423427,1.002406726992178,,,-0.0014554667373756214,0.03060848520612886
2023-04-09 00:00:00-04:00,2023-04-09,00:00:00,159.41815638079942,164.25739832506682,157.7984953590606,163.16116333007812,263326300,1wk,0.0,0.0,6,159.99491271972656,154.0248596191406,,,,,,79.8344319766383,3.053896872221685,2.034252360360164,1.0196445118615212,,,0.003340329769245143,0.03958603159098421
2023-04-16 00:00:00-04:00,2023-04-16,00:00:00,163.04263480188843,166.0745694684642,161.99578278983208,162.9735107421875,249953100,1wk,0.0,0.0,6,161.97405700683595,155.43122406005858,,,,,,77.67831224709,3.2195348298794215,2.278174656527301,0.9413601733521206,,,-0.001150105724062489,0.025027298363133856
2023-04-23 00:00:00-04:00,2023-04-23,00:00:00,162.9537601477966,167.74361912541863,160.78104635973756,167.57571411132812,256340700,1wk,0.0,0.0,6,163.836669921875,157.12297821044922,,,,,,78.29156592032466,3.5907079886335964,2.546728620611451,1.0439793680221454,,,0.02823896563424344,0.04154881751573812
2023-04-30 00:00:00-04:00,2023-04-30,00:00:00,167.18067442549008,172.13842316096267,162.27230862938708,171.41748046875,360723200,1wk,0.0,0.0,6,165.54916687011718,159.77566680908203,,,,,,76.57014866965821,4.073109152544788,2.857604977579721,1.215504174965067,,,0.022925555637910655,0.057556058487128546
2023-05-07 00:00:00-04:00,2023-05-07,00:00:00,170.34097529270278,172.42480861099233,168.87933381599336,170.42987060546875,250062000,1wk,0.24,0.0,6,167.1115478515625,161.9029541015625,,,,,,70.39612264473804,4.330942936921872,3.1565812719373074,1.1743616649845645,,,-0.00576143028459275,0.020803130240041382
2023-05-14 00:00:00-04:00,2023-05-14,00:00:00,171.24912149191965,174.44347306887536,168.539352932992,173.22705078125,258634800,1wk,0.0,0.0,6,169.12472534179688,164.55981903076173,153.9390007019043,,153.9390007019043,179.98567800972,127.89232339408859,77.8393537619483,4.659737395717087,3.460718965566732,1.1990184301503555,305515720.0,0.8465515293288345,0.01641249955682067,0.03408313025740454
2023-05-21 00:00:00-04:00,2023-05-21,00:00:00,172.06008371430215,173.83033907498685,168.63827411531918,173.49407958984375,250355000,1wk,0.0,0.0,6,171.2288391113281,166.60144805908203,156.22283630371095,,156.22283630371095,180.58105305226877,131.86461955515313,77.06135291033036,4.875590438234781,3.746327534185627,1.129262904049154,299536045.0,0.8358092596168184,0.0015414960157171809,0.029926467646286276
2023-05-28 00:00:00-04:00,2023-05-28,00:00:00,175.00716626442113,179.77396735384346,174.62147070928032,178.953125,286488400,1wk,0.0,0.0,6,173.5043212890625,168.67049560546874,158.5261993408203,,158.5261993408203,182.29803171882315,134.75436696281747,90.66263984873932,5.350784175054315,4.069604223298993,1.2811799517553224,297193705.0,0.9639786953091756,0.03146531237873895,0.028792437374665258
2023-06-04 00:00:00-04:00,2023-06-04,00:00:00,180.6146123076408,182.90900236541506,175.36321262107055,178.96304321289062,347854400,1wk,0.0,0.0,6,175.01343383789063,170.28130035400392,160.67671966552734,,160.67671966552734,183.61750923596458,137.7359300950901,89.60639130048658,5.656558833251836,4.38887981573521,1.2676790175166257,300995255.0,1.1556806767601702,5.542352440413012e-05,0.04216395524392266
2023-06-11 00:00:00-04:00,2023-06-11,00:00:00,179.2696336707494,184.92651290759443,178.97294124552118,182.8793487548828,333356300,1wk,0.0,0.0,6,177.50332946777343,172.30743865966798,162.62565994262695,,162.62565994262695,186.1802033733074,139.0711165119465,96.3829600982927,6.096515531285803,4.7320274276264005,1.3644881036594025,300730290.0,1.1084892712337024,0.021883319995477768,0.03255464164000795
2023-06-18 00:00:00-04:00,2023-06-18,00:00:00,182.3749949427905,185.4902278994243,180.57507183689214,184.61993408203125,203677100,1wk,0.0,0.0,6,179.7819061279297,174.45331573486328,164.23908767700195,,164.23908767700195,189.2085541896065,139.2696211643974,95.89052408738253,6.487937704286054,5.0845412424976075,1.4033964617884465,286901660.0,0.7099195591966948,0.009517670196219852,0.026623105933664973
2023-06-25 00:00:00-04:00,2023-06-25,00:00:00,184.76824632167248,192.33381899614628,183.18589702577145,191.82945251464844,281596800,1wk,0.0,0.0,6,183.44898071289063,177.3389099121094,166.38506698608398,,166.38506698608398,193.12215491199692,139.64797906017105,96.11915741488487,7.222833813921994,5.5134961935719975,1.7093376203499968,284443560.0,0.989991828255841,0.03905059585501647,0.04768778647103876
2023-07-02 00:00:00-04:00,2023-07-02,00:00:00,191.64157164524596,191.74047414794273,187.11211166707199,188.57577514648438,170287800,1wk,0.0,0.0,6,185.3735107421875,179.438916015625,168.28094711303712,,168.28094711303712,195.69145788554897,140.87043634052526,86.68870784841646,7.4803939845283764,5.907829190446167,1.5725647940822096,277118330.0,0.6144948982624138,-0.016961302477343065,0.024543780754847585
2023-07-09 00:00:00-04:00,2023-07-09,00:00:00,187.17145075475,189.5845269993794,184.54081616270315,188.58567810058594,250269000,1wk,0.0,0.0,6,187.29803771972655,181.1557357788086,170.4657012939453,,170.4657012939453,196.97709692327192,143.9543056646187,87.28251392217602,7.594742331868275,6.24586567638791,1.3488766554803648,278944665.0,0.8971994499339143,5.2514455230801005e-05,0.02674493040763189
2023-07-16 00:00:00-04:00,2023-07-16,00:00:00,189.78231711722623,196.0424653874855,189.11971258876892,189.82188415527344,310848600,1wk,0.0,0.0,6,188.6865447998047,183.09493713378907,172.4989456176758,,172.4989456176758,198.35879575035742,146.63909548499416,87.5306465865921,7.684752736754575,6.534089092595221,1.150663644159354,280787350.0,1.1070605566810614,0.0065551428249399635,0.03646972966011544
2023-07-23 00:00:00-04:00,2023-07-23,00:00:00,191.27565271864017,195.02382202673238,190.12845012609168,193.6689453125,225884500,1wk,0.0,0.0,6,190.49634704589843,185.13912658691407,174.8494728088379,,174.8494728088379,199.32894600105766,150.36999961661814,89.17431657170009,7.945240571789412,6.81666920567034,1.128571366119072,276414035.0,0.817196203514051,0.02026668934589071,0.02527701017187671
2023-07-30 00:00:00-04:00,2023-07-30,00:00:00,193.8963983627034,194.55900283830164,179.91243942847825,179.98167419433594,301580500,1wk,0.0,0.0,6,188.12679138183594,185.7878860473633,176.19466705322264,,176.19466705322264,198.49668123811455,153.89265286833074,62.852433899921245,7.055585695192718,6.8644998727731465,0.19108582241957173,270971730.0,1.1129592743862986,-0.07067354601471376,0.0813780818263125
2023-08-06 00:00:00-04:00,2023-08-06,00:00:00,180.12013623097562,181.10910087931498,174.60171168239367,175.82801818847656,332501200,1wk,0.24,0.0,6,185.57723999023438,185.47537536621093,177.07293548583985,,177.07293548583985,197.723941806175,156.4219291655047,54.53992873677243,5.973086804858099,6.686075897152768,-0.7129890922946691,270091785.0,1.2310674313918877,-0.02307821629314577,0.037009967262133375
2023-08-13 00:00:00-04:00,2023-08-13,00:00:00,176.24371021382134,177.9470275966936,170.29201204567954,172.79747009277344,261498200,1wk,0.0,0.0,6,182.4195983886719,184.85881805419922,177.57005920410157,,177.57005920410157,197.23510405789682,157.90501435030632,52.33869764371272,4.833571343965417,6.315340004727019,-1.4817686607616016,269769710.0,0.9693386258968807,-0.017235865631236136,0.0443005071017773
2023-08-20 00:00:00-04:00,2023-08-20,00:00:00,173.3718467168061,179.7889871691961,172.05474576324494,176.87750244140625,247469000,1wk,0.0,0.0,6,179.83072204589843,184.25863342285157,178.28303604125978,,178.28303604125978,196.65715550308954,159.90891657943,53.516761491258805,4.190681599520843,5.890192748415925,-1.6995111488950814,272135345.0,0.9093600098142341,0.02361164400406035,0.04372654124576001
2023-08-27 00:00:00-04:00,2023-08-27,00:00:00,178.34313170894478,188.0777829772235,176.8180762864083,187.62225341796875,264199500,1wk,0.0,0.0,6,178.6213836669922,184.55886535644532,179.5060905456543,,179.5060905456543,196.87073680716662,162.14144428414198,61.32455780722088,4.4437966841582295,5.600796142354344,-1.1569994581961147,272179005.0,0.9706828783505914,0.06074684925021412,0.060012639682627544
2023-09-03 00:00:00-04:00,2023-09-03,00:00:00,186.45371308438783,188.13722033575252,171.85668327291899,176.45167541503906,305075900,1wk,0.0,0.0,6,177.9153839111328,183.02108764648438,180.17999877929688,,180.17999877929688,195.8017931008958,164.55820445769797,48.163130298921175,3.7505918894203205,5.230635167663412,-1.480043278243092,274935145.0,1.109628599864888,-0.05953759641744005,0.09226626510935318
2023-09-10 00:00:00-04:00,2023-09-10,00:00:00,178.32335515505866,178.55111995840122,171.89630174559215,173.3124237060547,403746500,1wk,0.0,0.0,6,177.41226501464843,181.4947525024414,180.4668342590332,,180.4668342590332,195.3052075435584,165.628460974508,46.03294617531571,2.9279913728163933,4.7699868175449485,-1.8419954447285551,282305435.0,1.4301761494602467,-0.017790999726131296,0.03839781401993385
2023-09-17 00:00:00-04:00,2023-09-17,00:00:00,174.76815300147243,177.9569204517708,172.1735716404741,173.09454345703125,297395200,1wk,0.0,0.0,6,177.4716796875,179.94563903808594,180.55068740844726,,180.55068740844726,195.19137705898564,165.90999775790888,42.75424170252501,2.2341269361749028,4.262709483890702,-2.028582547715799,279139035.0,1.0654016913112851,-0.001257153090149954,0.03341150273019635
2023-09-24 00:00:00-04:00,2023-09-24,00:00:00,172.51025797611888,175.25339322301082,165.99408212511793,169.5492706298828,285838900,1wk,0.0,0.0,6,176.00603332519532,177.9183776855469,180.50665740966798,,180.50665740966798,195.28019694504883,165.73311787428713,39.130521866924276,1.3955541738339434,3.6891831284683567,-2.2936289546344133,280927880.0,1.0174814261937974,-0.020481713382423883,0.05461132957690795
2023-10-01 00:00:00-04:00,2023-10-01,00:00:00,169.55917095504066,176.26350633418187,169.16305699060058,175.7683563232422,260574000,1wk,0.0,0.0,6,173.63525390625,176.1283187866211,180.63372268676758,,180.63372268676758,195.1856905207405,166.08175485279466,38.24829504373647,1.1982574384660722,3.1909317615013086,-1.9926743230352364,281024840.0,0.9272276429371866,0.03668010879819894,0.040396630497718224
2023-10-08 00:00:00-04:00,2023-10-08,00:00:00,175.09495273756167,180.57131090887424,174.0947551080072,177.11517333984375,241810100,1wk,0.0,0.0,6,173.76795349121093,175.84166870117187,180.81477737426758,,180.81477737426758,195.08000168635746,166.5495530621777,41.37370717358158,1.1332850685784024,2.7793586569572977,-1.6460735883788953,280597595.0,0.8617682557115288,0.0076624544074630485,0.036566916762348724
2023-10-15 00:00:00-04:00,2023-10-15,00:00:00,175.03555122109145,177.3429523800437,170.96541700693638,171.20309448242188,288377700,1wk,0.0,0.0,6,173.34608764648436,175.3791763305664,180.42727584838866,,180.42727584838866,195.31297733815998,165.54157435861734,37.983916885413876,0.6149831203267127,2.346446721556669,-1.7314636012299562,280692060.0,1.0273810381383783,-0.033379855299454975,0.03725128562884784
2023-10-22 00:00:00-04:00,2023-10-22,00:00:00,169.25218159058093,172.32210261415128,164.06300399850727,166.58827209472656,286078100,1wk,0.0,0.0,6,172.04483337402343,174.7582565307617,179.80853729248048,,179.80853729248048,195.92810249932364,163.68897208563732,34.65599902613474,-0.15356943800327372,1.8464094588720212,-1.999978896875295,277603245.0,1.0305286597064094,-0.026955251023042304,0.049577911528775935
2023-10-29 00:00:00-04:00,2023-10-29,00:00:00,167.38052862374636,176.0555521371271,166.2713822265374,174.93650817871094,310075900,1wk,0.0,0.0,6,173.12228088378907,174.56415710449218,179.41139526367186,,179.41139526367186,195.60362319464508,163.21916733269865,38.322920195919046,-0.10845345340712242,1.4554155886850566,-1.563869042092179,276439225.0,1.1216783725247386,0.05011298802137376,0.055929834272183045
2023-11-05 00:00:00-04:00,2023-11-05,00:00:00,174.6691235568545,184.76028324734884,174.50077436559735,184.5919189453125,303608500,1wk,0.24,0.0,6,174.88699340820312,174.26112365722656,179.40999450683594,,179.40999450683594,195.60032999474248,163.2196590189294,53.02595189636147,0.6760252510005955,1.2995307314050346,-0.6235054804044391,281435795.0,1.0787842392258598,0.05519380069446589,0.055579404235951334
2023-11-12 00:00:00-05:00,2023-11-12,00:00:00,184.26001314616045,189.3568612668011,182.66352879605978,188.09751892089844,262862000,1wk,0.0,0.0,6,177.08346252441407,175.4257080078125,179.22339782714843,,179.22339782714843,194.88855764168954,163.55823801260732,58.122230532057046,1.5547404982567343,1.3505744633898449,0.20416603486688945,280499055.0,0.9371225867409785,0.018991080409237915,0.035584374047783716
2023-11-19 00:00:00-05:00,2023-11-19,00:00:00,188.29580714109994,191.31027863173026,187.66118076777323,188.37513732910156,148305600,1wk,0.0,0.0,6,180.51787109375,176.93197937011718,179.2133659362793,,179.2133659362793,194.85354505548167,163.57318681707693,60.702264494158975,2.2466888006959493,1.529802326994714,0.7168864737012353,279399945.0,0.5308003908161113,0.0014759280706932998,0.019371441028238526
2023-11-26 00:00:00-05:00,2023-11-26,00:00:00,188.3255654814877,190.47734589534852,186.61009356272993,189.63449096679688,216481400,1wk,0.0,0.0,6,185.12711486816406,178.58597412109376,179.26580657958985,,179.26580657958985,195.04471872179,163.4868944373897,59.117767280027465,2.861040488852666,1.7960558970193279,1.064984591833338,277710565.0,0.7795216577374361,0.006685349540025198,0.020393190673819506
2023-12-03 00:00:00-05:00,2023-12-03,00:00:00,188.3850499441529,194.3446036620394,185.87629135316934,194.06695556640625,251991700,1wk,0.0,0.0,6,188.9532043457031,181.0377426147461,179.4780601501465,,179.4780601501465,195.95368189124815,163.00243840904483,55.06304956792178,3.6555147705034585,2.1679543066054916,1.487560463897967,274767720.0,0.9171080940657803,0.023373725829155534,0.04363603419322126
2023-12-10 00:00:00-05:00,2023-12-10,00:00:00,191.48878284778823,197.94412395140674,189.81296849590672,195.91134643554688,379414800,1wk,0.0,0.0,6,191.21708984375,183.05204162597656,179.59018020629884,170.43949768066406,179.59018020629884,196.49729044615344,162.68306996644424,67.91263449129067,4.380189556853935,2.6104076715606226,1.7697818852933125,282444235.0,1.343326409193659,0.009503889334263826,0.04150425998003694
2023-12-17 00:00:00-05:00,2023-12-17,00:00:00,194.4437563579793,196.02040415393392,191.34995462543642,191.97467041015625,232340900,1wk,0.0,0.0,6,191.99252014160157,184.53799133300782,180.18983001708983,171.72264373779296,180.18983001708983,197.98290981501287,162.3967502191668,66.93006185108067,4.589434750963079,3.0062176067916484,1.5832171441714307,278982255.0,0.8328160513291428,-0.020094170638992326,0.024328467492711548
2023-12-24 00:00:00-05:00,2023-12-24,00:00:00,191.9846007422103,193.0257887801956,189.48575247718315,190.91366577148438,153729000,1wk,0.0,0.0,6,192.50022583007814,186.50904846191406,180.94411239624023,172.88319976806642,180.94411239624023,199.2308141161213,162.65741067635915,65.92163537495249,4.617681357505319,3.3285133009074115,1.2891680565979073,270043645.0,0.5692746444745996,-0.005526794948547242,0.01854260295462409
2023-12-31 00:00:00-05:00,2023-12-31,00:00:00,185.5788326854442,186.85801135350906,178.6574354024576,179.65895080566406,275266500,1wk,0.0,0.0,6,190.50511779785157,187.8161163330078,181.28718643188478,173.75732604980467,181.28718643188478,199.18365063795585,163.3907222258137,57.939338977185244,3.7033439910242123,3.4034799867504417,0.2998640042737706,270732060.0,1.0167488106137115,-0.0589518561719502,0.045645240130128405
2024-01-07 00:00:00-05:00,2024-01-07,00:00:00,180.5612982580182,185.47966428380735,179.97625510968774,184.35914611816406,238385400,1wk,0.0,0.0,6,188.5635559082031,188.7583801269531,181.66126861572266,174.56649810791015,181.66126861572266,199.48224485124834,163.84029238019698,56.911403866711254,3.314330825775187,3.385650050321466,-0.07131922454627926,270277880.0,0.8820011463757227,0.026161765341623067,0.029851565761712894
2024-01-14 00:00:00-05:00,2024-01-14,00:00:00,180.63071918223463,190.33852272040096,178.78633380030195,189.95179748535156,259829200,1wk,0.0,0.0,6,187.37164611816405,189.29436798095702,181.7777458190918,175.31850646972657,181.7777458190918,199.79216905678203,163.76332258140155,59.666828841280385,3.4118846050355387,3.390896985803176,0.020987619232362587,270059365.0,0.9621188289471094,0.030335632839191495,0.06081642328754419
2024-01-21 00:00:00-05:00,2024-01-21,00:00:00,190.68559296247355,194.7313420841376,190.3286146537771,190.80458068847656,255536900,1wk,0.0,0.0,6,187.13762817382812,189.56507415771483,182.49539108276366,176.15640075683595,182.49539108276366,200.75828869748375,164.23249346804357,65.97879797826262,3.516520727811752,3.4160218282080868,0.10049889960366531,267582415.0,0.9549839065470727,0.004489471615506835,0.023074537385183426
2024-01-28 00:00:00-05:00,2024-01-28,00:00:00,190.39800715177785,190.5864144599007,177.7451370154647,184.28973388671875,325909900,1wk,0.0,0.0,6,185.812841796875,189.15653381347656,183.04425659179688,176.82903198242187,183.04425659179688,200.79784183934075,165.290671344253,63.99636024150198,3.044640819714914,3.341745404188577,-0.29710458447366284,263690585.0,1.2359557699035784,-0.03414407965600419,0.0696798306319625
2024-02-04 00:00:00-05:00,2024-02-04,00:00:00,186.57042147821562,189.44608423634318,184.27981700252482,187.26455688476562,252715800,1wk,0.24,0.0,6,187.3339630126953,188.91954040527344,183.75275726318358,177.67651123046875,183.75275726318358,200.95695612334669,166.54855840302048,60.65287669376087,2.875004280248959,3.2483969558755263,-0.3733926756265675,261456615.0,0.9665687747085687,0.0161420982889664,0.027588067489981317
2024-02-11 00:00:00-05:00,2024-02-11,00:00:00,187.07656829476053,187.32478580101355,180.05698509592278,181.0101318359375,268128900,1wk,0.0,0.0,6,186.66416015625,187.61385803222657,184.32580032348633,178.31357391357423,184.32580032348633,200.25420310598892,168.39739754098375,46.711636695364106,2.2153173234862322,3.041780633599427,-0.8264633101131946,260571115.0,1.0290046922507123,-0.03339887244480988,0.04015134750400654
2024-02-18 00:00:00-05:00,2024-02-18,00:00:00,180.49383715429752,183.72066477086588,178.71660645609282,181.21864318847656,192448900,1wk,0.0,0.0,6,184.917529296875,186.14458770751952,184.59831466674805,179.0047787475586,184.59831466674805,200.09079751969074,169.10583181380537,43.27768158195636,1.6897345197719176,2.7713709964323616,-1.081636476660444,257164860.0,0.7483483552146277,0.0011519319411801288,0.027613374798135904
2024-02-25 00:00:00-05:00,2024-02-25,00:00:00,180.94065022317918,182.60866469839516,176.11530099131116,178.37904357910156,354385900,1wk,0.0,0.0,6,182.432421875,184.78502502441407,184.66150817871093,179.5108038330078,184.66150817871093,200.03532685887768,169.28768949854418,40.69723057208488,1.0341244604468613,2.4239212632631286,-1.3897968028162673,262793650.0,1.3485329649327524,-0.015669467331910658,0.03640205473018214
2024-03-03 00:00:00-05:00,2024-03-03,00:00:00,174.89404903591333,175.6387015554815,167.28867615005274,169.5126953125,393262300,1wk,0.0,0.0,6,179.47701416015624,182.64492797851562,184.57698822021484,179.73580474853514,184.57698822021484,200.27745880262194,168.87651763780775,33.59638944478334,-0.19299490997735802,1.900537515281745,-2.093532425259103,268037880.0,1.467189264442772,-0.04970510037895681,0.049258997327812706
2024-03-10 00:00:00-05:00,2024-03-10,00:00:00,171.70694687571162,173.1366821550968,169.0758321837892,171.38922119140625,367119800,1wk,0.0,0.0,6,176.30194702148438,181.81795501708984,184.81703567504883,179.9064892578125,184.81703567504883,199.47142983673774,170.16264151335992,30.70882923914121,-1.0035093166857223,1.3197276931629587,-2.3232370098486808,272089965.0,1.3492588747254974,0.011070120001613004,0.023693730230400323
2024-03-17 00:00:00-04:00,2024-03-17,00:00:00,174.31821749963817,177.39610583918824,168.8474933401544,171.05166625976562,361583900,1wk,0.0,0.0,6,174.31025390625,180.48720703125,184.62279357910157,180.07516326904297,184.62279357910157,199.91761207471768,169.32797508348546,28.296321360726196,-1.6537655058719736,0.7250286800573517,-2.3787941859293253,274665365.0,1.316452476634613,-0.001969522524778,0.04997678587972128
2024-03-24 00:00:00-04:00,2024-03-24,00:00:00,169.35385448994242,172.36224957899444,168.24182971362976,170.25735473632812,237622700,1wk,0.0,0.0,6,172.1179962158203,178.51776275634765,183.90606536865235,180.21708709716796,183.90606536865235,200.4956333603317,167.316497376973,29.939036216310086,-2.2072843055094324,0.13856578844101627,-2.3458500939504487,271366075.0,0.8756536718895315,-0.004643693574029384,0.024201127004151085
2024-03-31 00:00:00-04:00,2024-03-31,00:00:00,169.96943208559838,170.69422300484143,167.03052997127799,168.37091064453125,239070900,1wk,0.0,0.0,6,170.11636962890626,176.27439575195314,182.91973495483398,180.32503509521484,182.91973495483398,200.75867040178565,165.08079950788232,29.489333179321207,-2.7653559632182123,-0.4422187952120401,-2.323137168006172,270176520.0,0.8848692699128703,-0.011079956544128966,0.021759655628984065
2024-04-07 00:00:00-04:00,2024-04-07,00:00:00,167.82481220771416,177.08829097776882,165.91850365615858,175.29119873046875,322249800,1wk,0.0,0.0,6,171.2720703125,175.37454223632812,182.26553802490236,180.47934478759765,182.26553802490236,200.22136019946277,164.30971585034195,45.685685752069325,-2.6219289906601944,-0.8781609744080855,-1.7437680162521088,278873730.0,1.1555401794209874,0.041101447152874115,0.06372132430211247
2024-04-14 00:00:00-04:00,2024-04-14,00:00:00,174.10969722058312,175.37064645973345,162.9101239696921,163.8235626220703,309416500,1wk,0.0,0.0,6,169.75893859863282,173.0304428100586,180.97499160766603,180.32746643066406,180.97499160766603,200.35457745153278,161.59540576379928,32.107730653689615,-3.3899227177612943,-1.3805134522386164,-2.009409265522678,283520485.0,1.0913373684444705,-0.0654204899701285,0.07606062455610803
2024-04-21 00:00:00-04:00,2024-04-21,00:00:00,164.3398630049192,170.11835910227322,163.59521043077598,168.09291076660156,241302700,1wk,0.0,0.0,6,169.1671875,171.738720703125,179.6762893676758,180.28072723388672,179.6762893676758,198.84185930229782,160.51071943305377,30.505223759136072,-3.6139184904474746,-1.8271945517573611,-1.7867239386901135,282986035.0,0.8527017949843355,0.026060647663854963,0.03880680417602314
2024-04-28 00:00:00-04:00,2024-04-28,00:00:00,172.13385670807585,185.66667884285496,167.90423621624143,182.07249450683594,441926300,1wk,0.0,0.0,6,171.53021545410155,171.82410583496093,178.98434677124024,180.45763610839845,178.98434677124024,196.62016329868703,161.34853024379345,43.68979978175974,-2.6377515161190104,-1.989305971305199,-0.6484455448138113,286111610.0,1.5445940834068215,0.08316581393277889,0.09755697956863353
2024-05-05 00:00:00-04:00,2024-05-05,00:00:00,181.0498518132737,183.77030593610934,179.1336048220121,181.74485778808594,300675100,1wk,0.25,0.0,6,174.2050048828125,172.1606872558594,178.4728561401367,180.62265167236328,178.4728561401367,195.08606633290105,161.85964594737237,47.98035440825756,-1.8689433182913717,-1.9652334375335165,0.09629011924214481,289528320.0,1.0384997916611405,-0.0017994849778789623,0.025512144720504927
2024-05-12 00:00:00-04:00,2024-05-12,00:00:00,184.36755401962725,189.99482438840846,183.5522890139435,188.7719268798828,288966500,1wk,0.0,0.0,6,176.90115051269532,174.08661041259765,178.36576919555665,180.81902770996095,178.36576919555665,194.66599094324093,162.06554744787238,51.12397557420751,-0.6867982197240963,-1.7095463670446411,1.0227481473205449,296290195.0,0.9752820203854535,0.038664472697161,0.034128673055101075
2024-05-19 00:00:00-04:00,2024-05-19,00:00:00,188.2350366201912,191.70485812474396,185.55065474985093,188.8812713623047,208652100,1wk,0.0,0.0,6,181.91269226074218,175.8358154296875,178.82688522338867,181.01739227294922,178.82688522338867,195.7894616487351,161.86430879804223,56.4612653254375,0.2558662569389014,-1.3164638091307925,1.572330066069694,292959475.0,0.7122217159898993,0.0005792412263263547,0.03258239067593036
2024-05-26 00:00:00-04:00,2024-05-26,00:00:00,190.40244248569599,191.88383089023387,188.00639167103205,191.13816833496094,230395500,1wk,0.0,0.0,6,186.52174377441406,177.84446563720704,179.16583633422852,181.1825686645508,179.16583633422852,196.84946997676747,161.48220269168957,57.8778174013234,1.1709477840246905,-0.8189814569694517,1.989929240994142,292559980.0,0.7875154352963792,0.011948759961103672,0.020286054077942102
2024-06-02 00:00:00-04:00,2024-06-02,00:00:00,191.7844123281052,195.80105664694403,191.40662026465276,195.7513427734375,245994400,1wk,0.0,0.0,6,189.25751342773438,180.39386444091798,179.4558135986328,181.4051968383789,179.4558135986328,198.050872925074,160.8607542721916,63.418599448835025,2.2414519374702024,-0.20689474507787087,2.448346682548073,291868240.0,0.842826886543051,0.024135286419571633,0.02244907401415577
2024-06-09 00:00:00-04:00,2024-06-09,00:00:00,195.7612587833223,218.92651052764344,191.038729539824,211.2611083984375,635503200,1wk,0.0,0.0,6,195.1607635498047,184.6828842163086,180.47863998413087,181.79382995605468,180.47863998413087,203.43991578527235,157.51736418298938,79.2455859434291,4.288513701341685,0.6921869829887528,3.596326718352932,310866555.0,2.0442958233316544,0.07923197565470086,0.13200622300638132
2024-06-16 00:00:00-04:00,2024-06-16,00:00:00,212.13602324059985,217.68375452992703,205.91223184266303,206.2900390625,501649200,1wk,0.0,0.0,6,198.6643859863281,187.78276824951172,181.57865524291992,182.148115234375,181.57865524291992,207.25600180092096,155.9013086849189,73.43276493225864,5.447823720511394,1.6433143633154805,3.8045093571959137,319653520.0,1.569352966924938,-0.023530451835754307,0.05706297182724155
2024-06-23 00:00:00-04:00,2024-06-23,00:00:00,206.51869414206175,214.8204096554565,205.39522441646398,209.40191650390625,334805300,1wk,0.0,0.0,6,202.76851501464844,192.34060363769532,182.68552322387694,182.56444000244142,182.68552322387694,211.1519405752403,154.21910587251358,74.82395326069692,6.541651830715722,2.622981883841195,3.9186699468745267,323757995.0,1.0341221071621722,0.015084962199573004,0.04501002376841525
2024-06-30 00:00:00-04:00,2024-06-30,00:00:00,210.86343208035765,225.14038557018992,210.69441704914385,225.03102111816406,216231300,1wk,0.0,0.0,6,209.54708557128907,198.03441467285157,184.88656768798828,183.26862274169923,184.88656768798828,219.04576981060936,150.7273655653672,79.74267980555157,8.568156535579192,3.812016840449331,4.7561396951298605,321163115.0,0.6732756344077682,0.074636874748786,0.06419545380572429
2024-07-07 00:00:00-04:00,2024-07-07,00:00:00,225.7766662424327,231.73202972312154,221.95887776414983,229.2067108154297,287546800,1wk,0.0,0.0,6,216.2381591796875,202.74783630371093,187.28597106933594,183.9793780517578,187.28597106933594,226.69802202047254,147.87392011819935,82.23311283163983,10.390606441743614,5.127734783954911,5.262871657788703,325918010.0,0.8822672917032108,0.018556062522033123,0.04263903061216043
2024-07-14 00:00:00-04:00,2024-07-14,00:00:00,235.11237235203635,235.85803491314022,220.98456085649295,223.01275634765625,278397600,1wk,0.0,0.0,6,218.58848876953124,206.87462615966797,189.51765670776368,184.83999969482423,189.51765670776368,231.75927443511574,147.2760389804116,75.48081028109812,11.206767130264524,6.343541270401985,4.863225859862538,322118595.0,0.8642705026078982,-0.02702344292511205,0.06669337799431033
2024-07-21 00:00:00-04:00,2024-07-21,00:00:00,225.69714302133272,226.46269418037394,213.37879787377798,216.69949340820312,242932200,1wk,0.0,0.0,6,220.67037963867188,209.6673828125,191.87699661254882,185.65742919921874,191.87699661254882,234.68134180348994,149.0726514216077,79.8775334597315,11.215675576765818,7.317968142693396,3.897707434072422,314602090.0,0.772188767086703,-0.028308976772661976,0.060378065960447105
2024-07-28 00:00:00-04:00,2024-07-28,00:00:00,215.70526333687866,224.29529507499745,214.50225444686544,218.58848571777344,296061500,1wk,0.0,0.0,6,222.5076934814453,212.6381042480469,194.2369598388672,186.57324951171876,194.2369598388672,237.48744939919897,150.98647027853542,79.32126746546601,11.245262041567088,8.103426929573596,3.141835111993492,311049175.0,0.9518157378170188,0.008717105332645803,0.044801264787460604
2024-08-04 00:00:00-04:00,2024-08-04,00:00:00,197.93862817058107,215.52632659839892,194.86650175828186,214.9894561767578,342088200,1wk,0.0,0.0,6,220.49938049316407,215.02323303222656,196.4338493347168,187.33548858642578,196.4338493347168,239.18639267797187,153.68130599146173,71.73400450871236,10.853574034724573,8.653456354584357,2.2001176801402167,310074390.0,1.103245579230197,-0.016464863321586143,0.09609692125148307
2024-08-11 00:00:00-04:00,2024-08-11,00:00:00,214.82042707574703,225.5181941740874,214.35314397520054,224.74270629882812,214898200,1wk,0.25,0.0,6,219.60657958984376,217.92236938476563,199.1581169128418,188.07789764404296,199.1581169128418,241.83118165153627,156.4850521741473,75.2475605912174,11.199981790556706,9.1627614447275,2.037220345829205,308938165.0,0.6956026297366011,0.045366178860657635,0.04967925492559167
2024-08-18 00:00:00-04:00,2024-08-18,00:00:00,224.67436252601263,227.28222062273397,222.00676961883602,225.78916931152344,188124900,1wk,0.0,0.0,6,220.1618621826172,219.37517547607422,202.0290298461914,189.06464752197266,202.0290298461914,243.6949258285291,160.3631338638537,73.37777299807578,11.42709365937182,9.615627889753899,1.8114657696179215,306390865.0,0.6140029664396163,0.00465627129764945,0.02336449981185487
2024-08-25 00:00:00-04:00,2024-08-25,00:00:00,225.7095344844569,231.84100208314456,222.85283454811284,227.9391632080078,209486100,1wk,0.0,0.0,6,222.40979614257813,221.540087890625,204.66142807006835,190.1571823120117,204.66142807006835,245.86453400288022,163.4583221372565,74.04671701039993,11.646092591791103,10.021720831666054,1.6243717601250491,300752680.0,0.6965394290085795,0.009522130326446332,0.039432309079899065
2024-09-01 00:00:00-04:00,2024-09-01,00:00:00,227.49124460907814,227.9391569453677,216.4725191206001,219.79705810546875,179069200,1wk,0.0,0.0,6,222.6515106201172,222.57960205078126,207.4601028442383,191.09123260498046,207.4601028442383,244.3632766923767,170.55692899609988,66.45214458140339,11.036106697821594,10.224598005498546,0.8115086923230486,294235315.0,0.6085918000699542,-0.035720518527607825,0.052169205191387805
2024-09-08 00:00:00-04:00,2024-09-08,00:00:00,219.79705868874873,223.00212806640087,215.70609765532268,221.46926879882812,237580300,1wk,0.0,0.0,6,223.94747314453124,222.22342681884766,210.1289207458496,192.12963256835937,210.1289207458496,242.48480129536725,177.77304019633195,65.27977273394836,10.565680372955399,10.292814479151687,0.2728658938037114,294049195.0,0.8079610624337876,0.0076079757744389465,0.03294375987535115
2024-09-15 00:00:00-04:00,2024-09-15,00:00:00,215.53687895956307,232.01021467188832,212.92902088273337,227.1428680419922,550232800,1wk,0.0,0.0,6,224.42750549316406,222.0170425415039,212.38243942260743,193.15712280273436,212.38243942260743,242.72620215601165,182.0386766892032,60.68462790065032,10.528874905123644,10.340026564435647,0.18884834068799705,299464520.0,1.837388950116695,0.025617997810421622,0.08400525164464942
2024-09-22 00:00:00-04:00,2024-09-22,00:00:00,226.28684413170015,228.45675318264773,222.98223192474043,226.73475646972656,210673500,1wk,0.0,0.0,6,224.6166229248047,222.38924255371094,214.63193435668944,194.14951446533203,214.63193435668944,241.93011916983542,187.33374954354346,64.6541053018864,10.347506980224153,10.34152264759562,0.005984332628534261,294964440.0,0.7142335530343928,-0.0017967175275350744,0.024145046587236624
2024-09-29 00:00:00-04:00,2024-09-29,00:00:00,228.9743247350342,231.92061911122937,221.986856073211,225.7493438720703,221996800,1wk,0.0,0.0,6,224.17865905761718,223.29422760009766,216.48080520629884,195.240439453125,216.48080520629884,241.3007763085411,191.6608341040566,62.085718018075134,10.008928806556384,10.275003879307008,-0.26607507275062403,291615955.0,0.761264245641155,-0.004346102966299448,0.0440035079067505
2024-10-06 00:00:00-04:00,2024-10-06,00:00:00,223.46002123556693,228.68570101947216,220.30470783623852,226.4958953857422,164894900,1wk,0.0,0.0,6,225.51842651367187,224.08496856689453,218.3615364074707,196.43859191894532,218.3615364074707,239.85313502096585,196.86993779397557,51.388542564017705,9.68909911122995,10.157822925577774,-0.4687238143478236,289428095.0,0.5697266535233907,0.0033069930608300435,0.03700284797196913
2024-10-13 00:00:00-04:00,2024-10-13,00:00:00,227.64054342831406,236.38983222851627,227.54101579151848,233.91136169433594,218141000,1wk,0.0,0.0,6,228.00684509277343,225.97715911865234,220.50019607543945,197.6180889892578,220.50019607543945,238.87168339917758,202.1287087517013,54.20145119337544,9.919244184267313,10.110107177278604,-0.19086299301129017,288815370.0,0.7552956755729447,0.03273995891168169,0.037829784636801866
2024-10-20 00:00:00-04:00,2024-10-20,00:00:00,233.36392342109664,235.7528146986035,226.7049119570533,230.3380126953125,197299900,1wk,0.0,0.0,6,228.6458740234375,226.53668975830078,222.2295295715332,198.53301086425782,222.2295295715332,236.93824417477205,207.52081496829433,56.86299289323382,9.701627964594849,10.028411334691066,-0.3267833700962175,286380645.0,0.6889428578527016,-0.015276508901234664,0.039280979442670685
2024-10-27 00:00:00-04:00,2024-10-27,00:00:00,232.23914406081443,233.64260064252005,219.2495956140762,221.8773651123047,248222000,1wk,0.0,0.0,6,227.6743957519531,226.1455093383789,222.76034240722657,199.20860778808594,222.76034240722657,236.5392535743763,208.98143124007686,54.663473550282376,8.746026269498685,9.771934321525038,-1.0259080520263524,267016585.0,0.9296126680670416,-0.036731442995470376,0.06486919033475418
2024-11-03 00:00:00-04:00,2024-11-03,00:00:00,219.96626990569692,227.60073682939958,218.6922007171947,225.9086151123047,208083400,1wk,0.25,0.0,6,227.70625,225.94245452880858,223.74127120971679,199.95927734375,223.74127120971679,235.1773514083466,212.30519101108698,56.34794865239803,8.219072403394478,9.461361937775361,-1.242289534380884,252338295.0,0.8246207734739588,0.018168820411039066,0.039434246931115136
2024-11-10 00:00:00-05:00,2024-11-10,00:00:00,224.2041015625,228.0604072438346,220.7164822048611,224.2041015625,223817700,1wk,0.0,0.0,6,227.24789123535157,226.3831588745117,224.48138046264648,200.65066955566405,224.48138046264648,233.71365284530447,215.2491080799885,58.26234054156557,7.5766416943777415,9.08441788897586,-1.5077761945981187,246788915.0,0.9069195834829129,-0.007545146292704863,0.03275553385416662
2024-11-17 00:00:00-05:00,2024-11-17,00:00:00,224.45321682854558,229.90386885981255,224.37349799022195,229.05686950683594,196291700,1wk,0.0,0.0,6,226.27699279785156,227.1419189453125,224.68267288208008,201.35046783447265,224.68267288208008,234.13825520189096,215.2270905622692,54.241010691739554,7.373904760073799,8.74231526310834,-1.368410503034541,245791935.0,0.7986091976532916,0.021644420911644868,0.02414409522620997
2024-11-24 00:00:00-05:00,2024-11-24,00:00:00,230.64124772542655,236.96877632211965,228.9273307802731,236.490478515625,198118800,1wk,0.0,0.0,6,227.50748596191406,228.0766799926758,225.04686126708984,202.16205047607423,225.04686126708984,235.71893862461332,214.37478390956636,59.346188833471174,7.723771366814162,8.538606483808007,-0.8148351169938444,241320535.0,0.8209777920474112,0.03245311535425133,0.034003252868022936
2024-12-01 00:00:00-05:00,2024-12-01,00:00:00,236.4306835568557,243.7646488451358,236.32107206349886,241.98097229003906,208286500,1wk,0.0,0.0,6,231.52820739746093,229.60130157470704,225.995272064209,203.16217651367188,225.995272064209,239.01856891704398,212.971975211374,61.58754638826322,8.347673082391367,8.500419803518454,-0.15274672112708743,237814980.0,0.875834230459326,0.023216553194344902,0.030761000384423025
2024-12-08 00:00:00-05:00,2024-12-08,00:00:00,240.97455604324244,249.9128269174095,240.8948372094539,247.2522735595703,192702600,1wk,0.0,0.0,6,235.79693908691405,231.75159454345703,227.52291107177734,204.28894866943358,227.52291107177734,242.90851426956883,212.13730787398586,73.78339917270536,9.1616973352603,8.632675309884066,0.5290220253762339,235303500.0,0.818953394233405,0.021783949455385532,0.03647282824998127
2024-12-15 00:00:00-05:00,2024-12-15,00:00:00,247.11277555516273,254.09797318748596,244.82090844231297,253.58978271484375,368202900,1wk,0.0,0.0,6,241.6740753173828,234.4609832763672,229.27297592163086,205.7675653076172,229.27297592163086,247.9829959426359,210.5629559006258,75.74395196598405,10.200437181343005,8.946227684208557,1.2542094971344486,238910570.0,1.5411745909777035,0.025631752800633123,0.03658295947831957
2024-12-22 00:00:00-05:00,2024-12-22,00:00:00,253.86877590003473,259.17992327885923,252.16481819720389,254.6858673095703,133685900,1wk,0.0,0.0,6,246.79987487792968,236.53843383789064,231.25779647827147,207.17409973144532,231.25779647827147,251.9093614409524,210.60623151559054,73.8232107957779,10.985421045085417,9.354066356417958,1.631354688667459,228490455.0,0.5850830836675431,0.0043222742769533085,0.027544147446267597
2024-12-29 00:00:00-05:00,2024-12-29,00:00:00,251.33777468519406,252.60328653187318,248.54767617168994,249.5341796875,75038200,1wk,0.0,0.0,6,249.4086151123047,238.4580505371094,232.49737014770508,208.36574737548827,232.49737014770508,254.43826116599098,210.5564791294192,68.2247709924502,11.064395994798161,9.696132284116832,1.3682637106813296,221497455.0,0.33877680445583447,-0.020227614812283412,0.01625272483818535
