Date,Date,Time,Open,High,Low,Close,Volume,Level,Weekday,MA5,MA10,MA20,MA50,BB_Middle,BB_Upper,BB_Lower,RSI,MACD,MACD_Signal,MACD_Histogram,Volume_MA,Volume_Ratio,Price_Change,High_Low_Range
2025-01-02,2025-01-02,00:00:00,248.0494437119358,248.21885574509324,240.96460876578237,242.9874267578125,55740700,1d,3,,,,,,,,,0.0,0.0,0.0,,,,0.029854412946811563
2025-01-03,2025-01-03,00:00:00,242.49916076660156,243.31625226562878,241.03435939639962,242.49916076660156,40244100,1d,4,,,,,,,,,-0.010954685700255595,-0.006085936500141997,-0.004868749200113598,,,-0.002009429038061228,0.009409900067346664
2025-01-06,2025-01-06,00:00:00,243.4457849039297,246.45510633108967,242.33971076643533,244.1333465576172,45045600,1d,0,,,,,,,,,0.03671755965194734,0.01145647995563232,0.02526107969631502,,,0.006738933800222391,0.016857162786989743
2025-01-07,2025-01-07,00:00:00,242.12049100282684,244.681407317594,240.496267218822,241.3532257080078,40856000,1d,1,,,,,,,,,-0.04287522716029457,-0.006948569880386272,-0.0359266572799083,,,-0.011387714496238432,0.01734031143149183
2025-01-08,2025-01-08,00:00:00,241.06422159829904,242.84789810210984,239.20084146962273,241.84146118164062,37628900,1d,2,242.56292419433595,,,,,,,,-0.06579411240267063,-0.02445378838415958,-0.04134032401851105,,,0.0020229084247811446,0.015080361384964925
2025-01-10,2025-01-10,00:00:00,239.16098682233465,239.31046533751606,232.1757893628752,236.01217651367188,61710900,1d,4,241.16787414550782,,,,,,,,-0.3275983855782556,-0.10662282873731684,-0.22097555684093878,,,-0.024103743996115368,0.030230118123704325
2025-01-13,2025-01-13,00:00:00,232.7039288898965,233.8398957390806,228.90740850459227,233.5708465576172,49630700,1d,0,239.38221130371093,,,,,,,,-0.6004496092430713,-0.23159721278361367,-0.36885239645945767,,,-0.010344084750700366,0.021117734970710806
2025-01-14,2025-01-14,00:00:00,233.91960476413306,235.28475371553364,231.6476711610837,232.45480346679688,39435300,1d,1,237.04650268554687,,,,,,,,-0.8268290949964126,-0.3746426274173752,-0.45218646757903735,,,-0.00477817804434344,0.015646407388477314
2025-01-15,2025-01-15,00:00:00,233.80997931617492,238.11470496290485,233.60071548412043,237.02854919433594,39832000,1d,2,236.1815673828125,,,,,,,,-0.7440919005302078,-0.4599872423537347,-0.28410465817647307,,,0.01967584949558754,0.019044075045506335
2025-01-16,2025-01-16,00:00:00,236.51041752509497,237.1680713225123,227.22337827123218,227.4525604248047,71759100,1d,3,233.3037872314453,237.93335571289063,,,,,,,-1.1678275621281102,-0.6185845640573671,-0.5492429980707432,,,-0.040400149273495556,0.04372205365684516
2025-01-17,2025-01-17,00:00:00,231.2989028272768,231.4682996512766,227.67177943063626,229.16647338867188,68488300,1d,4,231.9346466064453,236.55126037597657,,,,,,,-1.3663381604313258,-0.7821887783277393,-0.5841493821035866,,,0.007535254651194867,0.016566647662292825
2025-01-21,2025-01-21,00:00:00,223.20762199269615,223.62613445935494,218.6039696546368,221.85243225097656,98070400,1d,1,229.5909637451172,234.48658752441406,,,,,,,-1.8950547303911378,-1.0211857130350106,-0.8738690173561272,,,-0.03191584279123816,0.02263741151612289
2025-01-22,2025-01-22,00:00:00,219.0125058897086,223.32719072748344,219.0125058897086,223.03822326660156,64126500,1d,2,227.70764770507813,232.3770751953125,,,,,,,-2.1950434161911687,-1.2696147864088498,-0.9254286297823189,,,0.005344953866827762,0.019345046667706946
2025-01-23,2025-01-23,00:00:00,223.94503224654224,226.2269251350915,221.51366083038826,222.8688507080078,60234800,1d,3,224.8757080078125,230.5286376953125,,,,,,24.410565626430127,-2.40089609671017,-1.506279680590686,-0.8946164161194841,,,-0.0007593880372303019,0.021148151882733668
2025-01-24,2025-01-24,00:00:00,223.9848686181573,224.831867935065,220.6267944226493,221.991943359375,54697900,1d,4,223.78358459472656,228.54368591308594,,,,,,23.877913665513674,-2.5775438793539536,-1.728345776489767,-0.8491981028641866,,,-0.0039346339600490055,0.01894246002256142
2025-01-27,2025-01-27,00:00:00,223.22755241503756,231.32878288695173,223.18768539696657,229.04689025878906,94863400,1d,0,223.75966796875,227.84715728759767,,,,,,35.613746971342636,-2.2513060046953512,-1.8359670928834317,-0.4153389118119195,,,0.031780193427979775,0.03554336616745559
2025-01-28,2025-01-28,00:00:00,230.03341371427896,239.3403714135585,229.99354669273774,237.4171905517578,75707600,1d,1,226.87261962890625,228.2317916870117,,,,,,43.72204767221544,-1.4565733431488752,-1.758340343948637,0.3017670007997617,,,0.03654404686966739,0.03936877822157162
2025-01-29,2025-01-29,00:00:00,233.2918357915463,239.01153699982427,233.1822242894862,238.5133056640625,45486100,1d,2,229.96763610839844,228.83764190673827,,,,,,47.25908271159023,-0.7609454856315949,-1.5552019564197088,0.7942564707881139,,,0.00461683128234025,0.024440199233783905
2025-01-30,2025-01-30,00:00:00,237.825723654139,239.93821947161274,236.37089679279623,236.74954223632812,55658300,1d,3,232.7437744140625,228.8097412109375,,,,,,45.2036822400677,-0.3302366627790434,-1.3066265485256066,0.9763898857465632,,,-0.0073948219485020505,0.015067917957178293
2025-01-31,2025-01-31,00:00:00,246.31561143302469,246.31561143302469,232.61424963135997,235.16519165039062,100959800,1d,4,235.37842407226563,229.58100433349608,233.75718002319337,,233.75718002319337,248.64918522990394,218.8651748164828,49.13283816936807,-0.09755884592379971,-1.061992570262272,0.9644337243384722,60008820.0,1.6824160181786612,-0.006692095667732989,0.05826271186440682
2025-02-03,2025-02-03,00:00:00,229.1764524471141,231.00994009075862,224.90161912474946,227.2034454345703,73063300,1d,0,235.00973510742188,229.38470153808595,232.96798095703124,,232.96798095703124,247.46816911965678,218.4677927944057,44.14298234139227,-0.4433597399804796,-0.9371142045798703,0.49375446459939065,60874950.0,1.2002194662993564,-0.03385597230587034,0.026884807817618348
2025-02-04,2025-02-04,00:00:00,226.44613087124998,232.3053359547129,225.84824721606736,231.97650146484375,45067300,1d,1,233.92159729003907,230.39710845947266,232.44184799194335,,232.44184799194335,246.2321324793097,218.65156350457698,49.58777046234516,-0.3856408370071165,-0.825999650367552,0.4403588133604355,61116110.0,0.7374045893954966,0.021007850568216746,0.027835098373634633
2025-02-05,2025-02-05,00:00:00,227.72160926815613,231.84696405052938,227.46253445166022,231.64767456054688,39620300,1d,2,232.54847106933593,231.2580535888672,231.81756439208985,,231.81756439208985,244.46219476581746,219.17293401836224,44.996315071202694,-0.3586450984607268,-0.7319737087924185,0.37332861033169173,60844845.0,0.6511693800847056,-0.0014175009202245237,0.01892714704426347
2025-02-06,2025-02-06,00:00:00,230.47183871784506,232.9729696905443,229.61488023403817,232.39501953125,29925300,1d,3,231.6775665283203,232.2106704711914,231.36965408325196,,231.36965408325196,243.20051348104815,219.53879468545577,55.4988949887937,-0.2820672862873437,-0.6415654835185948,0.3594981972312511,60298310.0,0.49628754106043765,0.0032262139998637807,0.014449920068336754
2025-02-07,2025-02-07,00:00:00,231.77720359418535,233.1722451327125,226.4560818290891,226.8247833251953,39707200,1d,4,230.00948486328124,232.69395446777344,230.6188201904297,,230.6188201904297,241.52102602748144,219.71661435337793,47.60056999068465,-0.606363598662881,-0.6344984078905899,0.028134809227708835,60402225.0,0.6573797571198743,-0.02396882780573384,0.02960947743525248
2025-02-10,2025-02-10,00:00:00,229.0094413336025,230.02693972945139,226.64521806905947,227.0941162109375,33115600,1d,0,229.98761901855468,232.4986770629883,230.17291717529298,,230.17291717529298,240.873970672612,219.47186367797397,56.27715151858464,-0.8327941416121121,-0.6742777804112149,-0.15851636120089718,58972460.0,0.5615434730041785,0.0011874050171847284,0.014891278192565714
2025-02-11,2025-02-11,00:00:00,227.64279618723114,234.6556296697615,227.57297502290857,232.052001953125,53718400,1d,1,230.00271911621093,231.962158203125,230.09697494506835,,230.09697494506835,240.71775184541235,219.47619804472436,59.89998903961926,-0.6480588541219561,-0.6690212857290793,0.02096243160712319,59176845.0,0.9077604593485847,0.021831854672898388,0.030521842463068497
2025-02-12,2025-02-12,00:00:00,230.63545743654387,236.38140252594314,230.11672290007743,236.29161071777344,45243300,1d,2,230.93150634765624,231.7399887084961,230.2888153076172,,230.2888153076172,241.2228990236352,219.3547315915992,63.53253010565439,-0.19330999137136473,-0.573694638304947,0.3803846469335823,59467245.0,0.7608104259748371,0.018270080537830635,0.02651249279157964
2025-02-13,2025-02-13,00:00:00,236.33153226758247,241.74826634141837,234.99480784534867,240.94024658203125,53614100,1d,3,232.6405517578125,232.1590591430664,230.48440017700196,,230.48440017700196,242.04792079710055,218.92087955690337,67.75311059288546,0.4988521829689603,-0.3588528224427049,0.8577050054116652,60156350.0,0.8912458950717589,0.01967330050413918,0.028029599005869675
2025-02-14,2025-02-14,00:00:00,240.66092045804314,244.9504238462646,240.40156080072015,244.00274658203125,40896200,1d,4,236.07614440917968,233.04281463623047,231.3119094848633,,231.3119094848633,244.24904084773374,218.37477812199285,65.14556880851609,1.255836562969563,-0.035514672117735666,1.2913512350872987,58613205.0,0.6977301445979622,0.01271062034444026,0.018642671483270305
2025-02-18,2025-02-18,00:00:00,243.55383619329416,244.58131995427482,241.2494791133952,243.87306213378906,48822500,1d,1,239.43193359375,234.70977630615235,232.04723892211913,,232.04723892211913,246.09505178598678,217.9994260582515,57.847540785355044,1.8230287310050528,0.3365624958860025,1.4864662351190503,57629915.0,0.8471728615251298,-0.0005314876576546501,0.013662192993877099
2025-02-19,2025-02-19,00:00:00,244.06260076305156,245.40929524371262,242.56626341463,244.27207946777344,32204200,1d,2,241.87594909667968,235.9393341064453,233.168221282959,,233.168221282959,247.36792909288903,218.96851347302896,57.12085185997201,2.2744839351608164,0.7244541031339347,1.5500298320268817,54336605.0,0.5926796493818486,0.001636168138018812,0.011638791610064923
2025-02-20,2025-02-20,00:00:00,244.34191013103748,246.1774135823035,243.69348816231408,245.229736328125,32316900,1d,3,243.66357421875,237.29754028320312,234.27779693603514,,234.27779693603514,248.61208198046046,219.94351189160983,60.69924194820236,2.671988400539476,1.1142079984947404,1.5577804020447357,52746125.0,0.6126876618898545,0.003920451581851392,0.010128973170961002
2025-02-21,2025-02-21,00:00:00,245.34944139409683,248.08275639920348,244.6212281548445,244.95042419433594,53197400,1d,4,244.46560974121093,238.5530807495117,235.38187561035156,,235.38187561035156,249.4145579957836,221.3491932249195,62.766173884411764,2.9311486432522997,1.4777804805963173,1.4533681626559825,52394255.0,1.0153288752745888,-0.0011389815035128814,0.014131546233260328
2025-02-24,2025-02-24,00:00:00,244.3319283268952,248.25234005966587,243.82317911276243,246.49664306640625,51326400,1d,0,244.96438903808593,240.5202667236328,236.60711059570312,,236.60711059570312,249.98089158648241,223.23332960492382,80.23129204206754,3.215767656616606,1.8255189752920624,1.3902486813245436,52225680.0,0.9827808848060954,0.006312374747486027,0.01796844326886115
2025-02-25,2025-02-25,00:00:00,247.3944454522674,249.38956194785018,244.3119941197594,246.43678283691406,48013300,1d,1,245.47713317871094,242.45453338623048,237.4766052246094,,237.4766052246094,251.04064973929155,223.91256070992722,76.58519069193329,3.3968746465002937,2.139892129455007,1.2569825170452869,49883175.0,0.9625149161014711,-0.00024284399473972762,0.02060393651320714
2025-02-26,2025-02-26,00:00:00,243.7333937698084,244.3818005030484,238.5460942392985,239.77308654785156,44433600,1d,2,244.57733459472655,243.2266418457031,237.59440002441406,,237.59440002441406,251.1971356327955,223.99166441603262,62.11627190513528,2.996172569381571,2.3111926896083372,0.6849798797732336,48319475.0,0.919579527716309,-0.027040185366615344,0.024338454109966448
2025-02-27,2025-02-27,00:00:00,238.82541422357912,241.86796980219768,236.48114634623442,236.72056579589844,41153600,1d,3,242.87550048828126,243.26953735351563,237.50476303100587,,237.50476303100587,251.10562971408982,223.90389634792191,56.03516879925095,2.416683136593491,2.3322951618173744,0.0843879747761167,48102850.0,0.8555335078898652,-0.012730873159711109,0.022756043345248663
2025-02-28,2025-02-28,00:00:00,236.37142201455794,241.49887076126774,229.63790389196947,241.24948120117188,56833400,1d,4,242.13531188964845,243.3004608154297,237.72975997924806,,237.72975997924806,251.42656761509213,224.032952343404,70.72821079543834,2.2801732909327654,2.32186905530637,-0.04169576437360467,48161605.0,1.1800561879115117,0.019131905122169668,0.04916473523691313
2025-03-03,2025-03-03,00:00:00,241.19958958341564,243.43412542285543,235.53346633482454,237.4487762451172,47184000,1d,0,240.32573852539062,242.6450637817383,237.84393920898438,,237.84393920898438,251.4887050489351,224.19917336903367,63.50858585677618,1.856812733253122,2.228845425934477,-0.3720326926813553,45472815.0,1.0376309449942784,-0.015754251313333967,0.03327310931211151
2025-03-04,2025-03-04,00:00:00,237.1295800554318,239.4838181516717,234.10696453181083,235.35391235351562,53798100,1d,1,238.10916442871093,241.79314880371095,238.25146255493163,,238.25146255493163,251.0166445241249,225.48628058573837,54.65540446346051,1.3435613564094524,2.051769782117222,-0.7082084257077694,44509555.0,1.2086865393284656,-0.0088223823459046,0.022845822132688886
2025-03-05,2025-03-05,00:00:00,234.84515699420854,235.97240266650644,228.67026910680244,235.1643829345703,47227600,1d,2,237.1874237060547,240.88237915039062,238.41085662841797,,238.41085662841797,250.9232393822176,225.89847387461836,48.20580077622177,0.9117791590454942,1.8237522599173381,-0.9119731008718439,44617570.0,1.0584978070298314,-0.0008052953828132647,0.03105118840099044
2025-03-06,2025-03-06,00:00:00,233.86756011302523,237.27920752401755,232.59068676229822,234.75538635253906,45170400,1d,3,236.7943878173828,239.83494415283204,238.56624221801758,,238.56624221801758,250.79905071741632,226.33343371861883,38.619674636871004,0.5317477082759581,1.5653337625374733,-1.0335860542615152,44895075.0,1.0061326325883184,-0.0017391944176556873,0.01997194115358206
2025-03-07,2025-03-07,00:00:00,234.53591456798168,240.78062356819368,234.1867631010968,238.4862518310547,46273600,1d,4,236.2417419433594,239.18852691650392,238.8708038330078,,238.8708038330078,250.75502487503525,226.98658279098038,40.09315794925364,0.516405261953139,1.3555366399787763,-0.8391313780256373,45712490.0,1.0122747634180504,0.01589256603004152,0.027648807495066888
2025-03-10,2025-03-10,00:00:00,234.96486230654432,235.583358769024,223.6725108894593,226.92454528808594,72071200,1d,0,234.13689575195312,237.23131713867187,238.87579193115235,,238.87579193115235,250.73878930653783,227.01279455576687,28.422652118303617,-0.39709271084859665,1.004995501593363,-1.4020882124419596,47330690.0,1.5227160220989806,-0.04847955156408401,0.05248814254290387
2025-03-11,2025-03-11,00:00:00,223.26351528828414,225.2885573705892,216.91904404485373,220.30076599121094,76137400,1d,1,231.1262664794922,234.61771545410156,238.536124420166,,238.536124420166,252.08826220058717,224.98398663974484,23.657102191362398,-1.6220979988376314,0.47955849269958106,-2.1016564915372125,49481780.0,1.5386956572702113,-0.02918934700724396,0.03799130378906337
2025-03-12,2025-03-12,00:00:00,219.60246770742089,221.20853706339403,214.38524243690583,216.45018005371094,62547500,1d,2,227.3834259033203,232.2854248046875,237.75603332519532,,237.75603332519532,254.3373248408525,221.17474180953815,20.263865454537424,-2.8623959671628256,-0.18885103181101817,-2.6735449353518073,49923235.0,1.2528735367409585,-0.01747876781169988,0.031523626475131794
2025-03-13,2025-03-13,00:00:00,215.4227092543014,216.31053552178076,207.9110965632093,209.1680145263672,61368300,1d,3,222.26595153808594,229.53016967773436,236.399853515625,,236.399853515625,257.3474429828017,215.45226404844834,17.70214702362982,-4.368528939046911,-1.0248052556603402,-3.3437236833865707,50729485.0,1.209716597753752,-0.03364361039356367,0.04015642151402003
2025-03-14,2025-03-14,00:00:00,210.7341834889886,213.42758776028128,209.06826301296118,212.96871948242188,60107600,1d,4,217.16244506835938,226.70209350585938,235.00127716064452,,235.00127716064452,258.2780543963167,211.72449992497235,20.92058448766808,-5.201441887698479,-1.8601474850713375,-3.341294402627142,51054160.0,1.177330113745873,0.018170583894774106,0.020469319428292446
2025-03-17,2025-03-17,00:00:00,212.78914514941675,214.69448503570536,209.4573042902151,213.4774627685547,48073400,1d,0,214.47302856445313,224.30496215820312,233.4750129699707,233.50144012451173,233.4750129699707,258.22321094550466,208.72681499443675,21.634612354156104,-5.754546184506012,-2.639038341660051,-3.1155078428459606,51413020.0,0.9350433022607892,0.002388816946306438,0.024532710280373925
2025-03-18,2025-03-18,00:00:00,213.63706605687162,214.62463892519543,210.97358751075308,212.170654296875,42432400,1d,1,212.84700622558594,221.98663635253905,231.889892578125,232.88510467529298,231.889892578125,257.86458604512893,205.9151991111211,23.832038113346528,-6.224324135350287,-3.356103687836985,-2.8682204475133015,51093515.0,0.8304850429648459,-0.006121528964846634,0.017208088585774443
2025-03-19,2025-03-19,00:00:00,213.6969181399133,218.22582565599035,213.22806456968678,214.7144317626953,54385400,1d,2,212.4998565673828,219.94164123535157,230.4120101928711,232.32941009521485,230.4120101928711,256.78084148847927,204.0431788972629,28.934300803427078,-6.321676677298626,-3.9492237035160263,-2.3724529737826,52202575.0,1.041814508192364,0.011989299247109786,0.023276316572083743
2025-03-20,2025-03-20,00:00:00,213.46749271646212,216.9589465476154,211.70181037410745,213.5772247314453,48862900,1d,3,213.38169860839844,217.82382507324218,228.82938461303712,231.7182876586914,228.82938461303712,255.25305192574876,202.40571730032548,21.670753656812167,-6.414998771654041,-4.4423823209042625,-1.9726164507497783,53029875.0,0.9214221229071349,-0.005296369796450651,0.024614685297640392
2025-03-21,2025-03-21,00:00:00,211.04340788811464,218.30563028145062,210.764092813104,217.73703002929688,94127800,1d,4,214.33536071777343,215.7489028930664,227.46871490478514,231.2459637451172,227.46871490478514,253.1903928177692,201.74703699180108,29.96754995827054,-6.0878133584272405,-4.77147045226023,-1.3163429061670104,55076395.0,1.709040687938998,0.0194768206351692,0.034635989419585074
2025-03-24,2025-03-24,00:00:00,220.460369765545,220.93919345594836,218.04628066528426,220.19102478027344,44299500,1d,0,215.67807312011718,215.07555084228517,226.1534339904785,230.81295501708985,226.1534339904785,250.4278556178686,201.8790123630884,34.70208385354495,-5.568874774657274,-4.930952062604069,-0.6379227120532054,54725050.0,0.809492179541179,0.011270452024841005,0.01313819577138037
2025-03-25,2025-03-25,00:00:00,220.23093972638688,223.55281053469957,219.54262209652958,223.2036590576172,34493600,1d,1,217.88467407226562,215.36584014892577,224.99177780151368,230.55678466796874,224.99177780151368,247.32524982558118,202.65830577744617,38.58312466573373,-4.861460041465989,-4.917053606376154,0.05559356491016487,54049065.0,0.6381905033879864,0.013681912241200633,0.017966499541724856
2025-03-26,2025-03-26,00:00:00,222.96422035625233,224.47054292972726,219.93165022699972,220.9890594482422,34466100,1d,2,219.139599609375,215.8197280883789,224.0525764465332,230.30514892578125,224.0525764465332,245.3233448850991,202.78180800796733,37.29747827791206,-4.426430400713656,-4.818928671540481,0.39249827082682476,53550690.0,0.6436163567640305,-0.009921878605060552,0.02053899280833217
2025-03-27,2025-03-27,00:00:00,220.84940592957574,224.4406214835582,220.0214308095873,223.30340576171875,37094800,1d,3,221.0848358154297,217.23326721191407,223.38171844482423,230.1221209716797,223.38171844482423,243.79945503639883,202.96398185324963,35.61436517733246,-3.8524739111453528,-4.625637256620468,0.7731633454751154,53347750.0,0.6953395410303153,0.010472673711788838,0.01979007287818315
2025-03-28,2025-03-28,00:00:00,221.12873402087155,223.26350805320467,217.1484711493609,217.36793518066406,39818600,1d,4,221.01101684570312,217.67318878173828,222.18764114379883,229.72890869140625,222.18764114379883,240.93016850776908,203.44511377982857,39.86458100703312,-3.8276776294258923,-4.4660450254635755,0.6383673960376832,52497010.0,0.758492721775964,-0.02658029581236332,0.028132193917015914
2025-03-31,2025-03-31,00:00:00,216.48010744476517,225.06908447075043,215.7020132379398,221.58761596679688,65299300,1d,0,221.29033508300782,218.4842041015625,221.39458312988282,229.6116098022461,221.39458312988282,238.7057905876158,204.08337567214983,51.43812572153548,-3.431044542020004,-4.259044611547649,0.8280000695276453,53402775.0,1.2227697905211854,0.019412618437147255,0.04227253942844079
2025-04-01,2025-04-01,00:00:00,219.27326790744206,223.13381331282267,218.36548628233527,222.64501953125,36412700,1d,1,221.17860717773436,219.531640625,220.75913848876954,229.48118072509766,220.75913848876954,236.79918681061488,204.7190901669242,57.38406677771065,-2.99754162496464,-4.006743704911036,1.0092020799463963,52533505.0,0.6931328872878366,0.004771943413171442,0.021416724436623322
2025-04-02,2025-04-02,00:00:00,220.77959080525144,224.6401362151353,220.4803202973195,223.3433074951172,35905900,1d,2,221.6494567871094,220.3945281982422,220.16808471679687,229.51099822998046,220.16808471679687,234.78080400677604,205.5553654268177,70.04228548744811,-2.568471551093751,-3.7190889920166574,1.1506174409229066,51967420.0,0.6909309717511471,0.0031363286964034565,0.018625209613262018
2025-04-03,2025-04-03,00:00:00,205.03811566571247,206.9833664271943,200.75859747782033,202.69386291503906,103419000,1d,3,217.52754821777344,219.30619201660156,218.56500854492188,229.1041110229492,218.56500854492188,233.47129071251777,203.658726377326,40.16048377174563,-3.838283419451045,-3.742927896208438,-0.0953555232426071,54879850.0,1.8844621477646166,-0.09245607048480542,0.03071019941034499
2025-04-04,2025-04-04,00:00:00,193.4165691841804,199.39194860307396,186.88255957870848,187.92002868652344,125910900,1d,4,211.63796691894532,216.32449188232422,216.0366973876953,228.40513458251954,216.0366973876953,233.62765582234908,198.44573895304154,30.77732095442009,-5.959857400178038,-4.186314075320373,-1.7735433248576644,58861715.0,2.1390966946851617,-0.07288742745362853,0.0665676198104081
2025-04-07,2025-04-07,00:00:00,176.76731422169505,193.6759230716255,174.19361217758157,181.0169219970703,160466300,1d,0,203.523828125,212.4070816040039,213.74131622314454,227.58563415527342,213.74131622314454,236.55549732213106,190.927135124158,28.387554343626377,-8.10116429976182,-4.96928451339147,-3.13187978637035,63281470.0,2.53575493742481,-0.0367342786061855,0.10762701453049371
2025-04-08,2025-04-08,00:00:00,186.244123618335,189.87523506652792,168.79683943762106,171.99899291992188,120859500,1d,1,193.39462280273438,207.28661499023437,211.32622756958008,226.4446762084961,211.32622756958008,240.5442994490536,182.10815569010657,22.809251889919878,-10.401504428850984,-6.055728932945591,-4.345775495905393,65517575.0,1.8446882382322607,-0.049818154997102404,0.12254952933777001
2025-04-09,2025-04-09,00:00:00,171.53013119082922,200.1201531468693,171.47028013366514,198.3644561767578,184395900,1d,2,188.3988525390625,205.02415466308594,210.42194137573242,225.6636215209961,210.42194137573242,240.0883414690308,180.75554128243402,42.67038216373202,-9.993031013823128,-6.8431896022012,-3.149841411621928,71609995.0,2.5750022744729977,0.15328847459654016,0.14443047693824218
2025-04-10,2025-04-10,00:00:00,188.6083530498886,194.30440235729913,182.55316692796467,189.95504760742188,121880000,1d,3,185.85108947753906,201.68931884765624,209.46129302978517,224.6924563598633,209.46129302978517,240.51071764329515,178.41186841627518,37.14101966137472,-10.226561647387626,-7.5198641852183465,-2.70669746216928,74635580.0,1.6330013111708919,-0.042393726837042345,0.061863243842936004
2025-04-11,2025-04-11,00:00:00,185.64558871717136,199.05275825525484,185.60567786476867,197.66615295410156,87435900,1d,4,187.8003143310547,199.719140625,208.69616470336913,223.91078857421874,208.69616470336913,240.13342725296928,177.258902153769,40.058116166601295,-9.680581028445289,-7.952007642750488,-1.7285733856948005,76001995.0,1.150442169314108,0.04059436926686022,0.06802925128819912
2025-04-14,2025-04-14,00:00:00,210.9237150406947,212.42005238891582,200.66881763194172,202.02549743652344,101352900,1d,0,192.0020294189453,197.76292877197267,208.1235664367676,223.2479946899414,208.1235664367676,239.61128042846133,176.63585244507385,40.76233627968011,-8.796171823606898,-8.120840506703296,-0.6753313169036019,78665970.0,1.288395731979152,0.02205407661995684,0.05816708735325028
2025-04-15,2025-04-15,00:00:00,201.36710824854455,203.01307326666696,199.31214069618733,201.64642333984375,51343900,1d,1,197.9315155029297,195.66306915283204,207.59735488891602,222.73685424804688,207.59735488891602,239.1519796052513,176.04273017258072,41.42567275892339,-8.033110990604087,-8.103294601173705,0.07018361056961808,79111545.0,0.6490064124016286,-0.001876367594633943,0.01835357408865264
2025-04-16,2025-04-16,00:00:00,197.8756484915953,200.2099310657198,191.9002692932641,193.79563903808594,59732400,1d,2,197.01775207519532,192.70830230712892,206.55141525268556,221.97323699951173,206.55141525268556,238.49710239242688,174.60572811294423,37.53161389506528,-7.967692256710876,-8.07617412942502,0.10848187271414389,79378895.0,0.7524972475366406,-0.038933417075920684,0.04287847659369991
2025-04-17,2025-04-17,00:00:00,196.71848747425943,198.34451232255947,193.9452767059697,196.4990234375,52164700,1d,3,198.32654724121093,192.088818359375,205.69750518798827,221.27026397705077,205.69750518798827,237.76522378750977,173.62978658846677,40.9343054739318,-7.610664382445464,-7.983072172185283,0.37240778973981925,79543985.0,0.6557969153795853,0.013949665806890499,0.022388078778361117
2025-04-21,2025-04-21,00:00:00,192.79807124065385,193.32677585155812,189.3465132845993,192.68833923339844,46742500,1d,0,197.33098449707032,192.5656494140625,204.44507064819337,220.47613037109375,204.44507064819337,236.48952868533163,172.4006126110551,37.4010530482187,-7.547214822481294,-7.8959006963691385,0.34868587388784444,77174720.0,0.6056711316866455,-0.019392891310289984,0.02065647865768171
2025-04-22,2025-04-22,00:00:00,195.64111763020085,201.097762433896,195.49148998245192,199.25228881835938,52976400,1d,1,196.7763427734375,194.3891860961914,203.39813385009765,219.92468048095702,203.39813385009765,234.63452629010646,172.16174141008884,40.26890683333265,-6.889352132211911,-7.694590972683094,0.8052388404711825,77608565.0,0.6826102247864009,0.034065110587777614,0.0281365523311746
2025-04-23,2025-04-23,00:00:00,205.49700887470834,207.4921254657249,202.30482537338813,204.10043334960938,52929200,1d,2,197.26714477539062,197.59933013916014,202.44297256469727,219.46480682373047,202.44297256469727,232.2656793654359,172.62026576395866,42.26234572408275,-5.9096952506050116,-7.337611812868856,1.4279165622638441,78530345.0,0.6739967843003873,0.02433168803229968,0.02541542909637684
2025-04-24,2025-04-24,00:00:00,204.38970763388747,208.32008954356945,202.44447210591895,207.8612060546875,47311000,1d,3,200.08025817871095,198.54900512695312,201.78657989501954,218.98099090576173,201.78657989501954,230.44575178266751,173.12740800737157,52.404377489686965,-4.775548488610212,-6.825199130334415,2.0496506417242024,79172590.0,0.5975679209180854,0.018426088780694405,0.02826702273681916
2025-04-25,2025-04-25,00:00:00,205.86608387594285,209.2378355121778,205.69650080604464,208.76898193359375,38222300,1d,4,202.53424987792968,200.4303985595703,201.0598587036133,218.43053833007812,201.0598587036133,228.11388380411003,174.00583360311654,61.13834101645451,-3.760307683205127,-6.212220823986074,2.451913140780947,79228965.0,0.48242836442455106,0.004367221263343435,0.01696293517041538
2025-04-28,2025-04-28,00:00:00,209.48723454234343,210.98357193193158,206.95344326011445,209.62689208984375,38743100,1d,0,205.92196044921874,201.62647247314453,200.67280654907228,217.80427124023439,200.67280654907228,226.95494303760847,174.39067006053608,66.34001446997655,-2.8537544339059764,-5.5405275311353135,2.686773097229337,79175190.0,0.48933384308897776,0.004109375580146679,0.01922524649218124
2025-04-29,2025-04-29,00:00:00,208.18042396697467,211.72175863443914,207.86119803545407,210.69427490234375,36827600,1d,1,208.21035766601562,202.49335021972655,200.1281394958496,217.13810180664063,200.1281394958496,224.99889233996993,175.2573866517293,74.3075522156297,-2.0259988684925645,-4.837621786187494,2.8116229176949297,77751605.0,0.47365710328423444,0.005091821959763321,0.018323044614166353
2025-04-30,2025-04-30,00:00:00,208.78894157113288,213.0584895980106,206.16535854293033,211.9811248779297,52286500,1d,2,209.7864959716797,203.52682037353514,199.5949447631836,216.50026306152344,199.5949447631836,222.83705985802408,176.35282966834313,62.48855938678873,-1.2519253063664735,-4.120482480086686,2.8685571737202125,78545295.0,0.665685958656085,0.006107664653832723,0.032517664292279334
2025-05-01,2025-05-01,00:00:00,208.56948083895412,214.0360957896086,208.3899124386699,212.79913330078125,57365700,1d,3,210.77408142089843,205.4271697998047,199.0677360534668,215.8708041381836,199.0677360534668,220.4452327012849,177.6902394056487,74.34097229267633,-0.5660559322321319,-3.409597162477211,2.843541230245079,79618285.0,0.7205091142066172,0.0038588738658813515,0.026532924562987194
2025-05-02,2025-05-02,00:00:00,205.58677037884885,206.48458191182934,201.66637387157866,204.8485870361328,101010600,1d,4,209.99000244140626,206.26212615966796,199.17547225952148,215.06318115234376,199.17547225952148,220.6514062771789,177.69953824186408,57.61421943849524,-0.6554930368992302,-2.8587763323787483,2.203283295479518,79497865.0,1.270607707515164,-0.037361741757710676,0.02352082633306525
2025-05-05,2025-05-05,00:00:00,202.6040848015313,203.60164304236298,197.72602561272546,198.40435791015625,69018500,1d,0,207.74549560546876,206.83372802734374,199.69968872070314,214.13225982666015,199.69968872070314,220.5206716770361,178.87870576437018,46.32367862957633,-1.231417518919443,-2.5333045673314465,1.3018870484120035,76653245.0,0.9003989328827501,-0.03145849927117084,0.029614356718405246
2025-05-06,2025-05-06,00:00:00,197.72601327833053,200.16004244803628,196.53891661034845,198.0252685546875,51216500,1d,1,205.2116943359375,206.71102600097657,200.55010604858398,213.1628323364258,200.55010604858398,219.45976407290163,181.64044802426633,46.32366427728701,-1.6987964077814013,-2.3664029344551434,0.6676065266737421,71190755.0,0.7194262794375478,-0.0019106906696092496,0.018286180668341333
2025-05-07,2025-05-07,00:00:00,198.6836658614824,198.95301083885846,192.77812311451905,195.7707977294922,68536700,1d,2,201.96962890625,205.87806243896483,201.7386962890625,212.14951263427736,201.7386962890625,215.3336089076788,188.14378367044617,52.26232987609303,-2.2252278420111224,-2.3381679158355633,0.11294007382444082,68574615.0,0.9994470986093031,-0.011384763377168206,0.03154141371417208
2025-05-08,2025-05-08,00:00:00,197.2372161152265,199.56152863729463,194.20463054641704,197.00778198242188,50478900,1d,3,198.8113586425781,204.79272003173827,201.6708625793457,211.29420654296874,201.6708625793457,215.3499427181633,187.9917824405281,50.60298312254906,-2.5137409916653155,-2.3732825311316255,-0.14045846053369004,61878765.0,0.8157709676332422,0.006318533035958307,0.027191301972810215
2025-05-09,2025-05-09,00:00:00,198.51409591462888,200.0503289543839,197.05765414160055,198.0452423095703,36453900,1d,4,197.45068969726563,203.72034606933593,202.07537231445312,210.52070007324218,202.07537231445312,214.73628687548447,189.41445775342177,56.79575905301106,-2.628456985346503,-2.424317422125883,-0.20413956322062,57607460.0,0.6327982521708126,0.0052660880535218,0.015111066430494762
2025-05-12,2025-05-12,00:00:00,210.7308445260501,211.03050749278242,206.5156271207593,210.55104064941406,63775800,1d,0,199.8800262451172,203.81276092529296,202.71961669921876,209.90673126220702,202.71961669921876,215.74197657945038,189.69725681898714,62.45578928634749,-1.691743036710534,-2.2778025446953647,0.5860595079848308,56424455.0,1.1302865043180301,0.06314616899655467,0.021443163415852215
2025-05-13,2025-05-13,00:00:00,210.19144790738707,213.1580823159532,208.76307628033234,212.68861389160156,51909300,1d,1,202.8126953125,204.01219482421874,203.25277252197264,209.41152801513672,203.25277252197264,217.0079845169942,189.49756052695108,60.06942245398822,-0.7682139143824145,-1.9758848180599955,1.207670903677581,53952275.0,0.9621336635016781,0.010152280585241868,0.020664040049933358
2025-05-14,2025-05-14,00:00:00,212.18917192393894,213.69746987061376,210.34127831689767,212.08929443359375,49325800,1d,2,206.0763946533203,204.02301177978515,203.77491607666016,208.94623565673828,203.77491607666016,218.0561433926972,189.49368876062312,55.35426096312236,-0.08367203120837985,-1.5974422601153064,1.5137702289069266,53851370.0,0.9159618408965269,-0.0028178257737542234,0.0158244269833569
2025-05-15,2025-05-15,00:00:00,210.71086343228015,212.71859464512332,209.30245815432872,211.21029663085938,45029500,1d,3,208.91689758300782,203.86412811279297,204.64564895629883,208.46715393066407,204.64564895629883,218.48163790707125,190.8096600055264,53.0938261158109,0.38353344420846724,-1.2012471187695044,1.5847805629779717,53116225.0,0.8477541466849348,-0.004144470399044975,0.016174100151779613
2025-05-16,2025-05-16,00:00:00,212.11926693678467,212.32903558469047,209.53220664773164,211.0205078125,54737900,1d,4,211.51195068359374,204.4813201904297,205.37172317504883,207.99245635986327,205.37172317504883,218.92894650773277,191.81449984236488,51.79652167344896,0.7300739991644605,-0.8149828948075196,1.5450568939719802,53244885.0,1.0280405338465846,-0.0008985774907133148,0.01325382526064208
2025-05-19,2025-05-19,00:00:00,207.67431083672193,209.24252311349682,204.02843943795537,208.54331970214844,46140500,1d,0,211.11040649414062,205.4952163696289,206.16447219848632,207.39359771728516,206.16447219848632,218.38751964668592,193.94142475028673,47.32443661610937,0.7957788780162502,-0.49283053999243154,1.2886094180086818,53214785.0,0.8670616634080172,-0.01173908704907789,0.025002400858432913
2025-05-20,2025-05-20,00:00:00,207.4345828831543,208.2336790492342,204.79757620413463,206.62550354003906,42496600,1d,1,209.8977844238281,206.35523986816406,206.53313293457032,206.98761688232423,206.53313293457032,218.3151868920918,194.75107897704885,43.44112247613295,0.6852937535186356,-0.257205681143741,0.9424994346623766,52690795.0,0.8065279713467979,-0.00919624836148425,0.01662961631662158
2025-05-21,2025-05-21,00:00:00,204.93741112479617,206.80528635778637,200.4824756537251,201.86090087890625,59211800,1d,2,207.85210571289062,206.96425018310546,206.42115631103516,206.61881958007814,206.42115631103516,218.34230715844822,194.5000054636221,37.78502538936032,0.2110577102472746,-0.16355300281896223,0.37461071306623683,53004925.0,1.1170999675973505,-0.023059121838798324,0.031322612138020005
2025-05-22,2025-05-22,00:00:00,200.48247209416806,202.52015274475195,199.4736073247078,201.13172912597656,46742400,1d,3,205.83639221191407,207.37664489746095,206.0846824645996,206.31245056152343,206.0846824645996,218.21277713812373,193.9565877910755,45.05111660111173,-0.22103419723333673,-0.175049241706411,-0.04598495552692572,52976495.0,0.8823233775658431,-0.0036122485818445016,0.015147015507115592
2025-05-23,2025-05-23,00:00:00,193.45045269257122,197.4758830409797,193.24069928507132,195.04864501953125,78432900,1d,4,202.64201965332032,207.07698516845704,205.39866561889647,206.03006317138673,205.39866561889647,218.40762616271329,192.38970507507966,45.488583605621145,-1.0420677471976205,-0.34845294285984496,-0.6936148043377756,54987025.0,1.4263892254581876,-0.03024427887573744,0.021713474377042217
2025-05-27,2025-05-27,00:00:00,198.07520901450675,200.51244545494848,197.20618488735448,199.98304748535156,56288500,1d,1,200.92996520996093,206.0201858520508,204.91647338867188,205.77034973144532,204.91647338867188,217.98034758059396,191.8525991967498,52.344833106656694,-1.2799994681348892,-0.5347622479622937,-0.7452372201725955,55864295.0,1.0075934906186501,0.025298317070217013,0.016532704192519985
2025-05-28,2025-05-28,00:00:00,200.36260025266836,202.50017366149785,199.67338002302156,200.1927947998047,45339700,1d,2,199.64342346191407,204.7706039428711,204.39139938354492,205.50465637207031,204.39139938354492,217.32095701141188,191.46184175567797,55.568994421781575,-1.4350993767095304,-0.7148296737484212,-0.7202697029611091,56289900.0,0.805467765975779,0.0010488254734115632,0.01412035653582397
2025-05-29,2025-05-29,00:00:00,203.3492174371598,203.57895243464628,198.28495762525483,199.72332763671875,51396800,1d,3,199.21590881347657,203.53400726318358,203.77850952148438,205.25570983886718,203.77850952148438,216.35039309046186,191.2066259525069,53.48733307571781,-1.5776960615786493,-0.8874029513425898,-0.6902931102360594,56245415.0,0.9137953733651001,-0.00234507522388816,0.026506642323829172
2025-05-30,2025-05-30,00:00:00,199.14398126681596,201.73105672211125,196.55692105301176,200.622314453125,70819900,1d,4,199.11402587890626,202.47520904541017,203.16966857910157,204.9738674926758,203.16966857910157,215.0632704532729,191.27606670493023,53.32131643625978,-1.5997479920741284,-1.0298719595074712,-0.5698760325666572,56918125.0,1.2442416189921928,0.004501160816033689,0.025790429560159478
2025-06-02,2025-06-02,00:00:00,200.05295557621693,201.9008644592711,199.89313329888972,201.47134399414062,35423300,1d,0,200.39856567382813,201.52029266357422,203.00080642700195,204.7317498779297,203.00080642700195,214.8899402275375,191.1116726264664,33.27197397043618,-1.531087176515058,-1.1301150029194436,-0.40097217359561443,53638760.0,0.6604049012318703,0.00423197959474253,0.009965343559924697
2025-06-03,2025-06-03,00:00:00,201.1217444882778,203.5389992121068,200.7321872237246,203.03956604003906,46381600,1d,1,201.00986938476564,200.96991729736328,203.2325668334961,204.43780059814452,203.2325668334961,214.92349487394154,191.54163879305065,31.842093172838375,-1.3347826272065504,-1.1710485277802802,-0.16373409942627015,52506915.0,0.8833426987664387,0.007783846649397574,0.013823965659130246
2025-06-04,2025-06-04,00:00:00,202.67998220748078,206.00620910456834,201.8709028727957,202.590087890625,43604000,1d,2,201.48932800292968,200.56637573242188,203.46080780029297,204.08578186035157,203.46080780029297,214.89919642136525,192.0224191792207,32.02268605685376,-1.2016169380525525,-1.1771622098351429,-0.024454728217409683,52126290.0,0.8365068758969803,-0.002213746602105271,0.020412184400676176
2025-06-05,2025-06-05,00:00:00,203.26931435006063,204.5178973620389,199.92310578136215,200.40257263183594,55126100,1d,3,201.62517700195312,200.42054290771483,203.69239654541016,203.62976013183595,203.69239654541016,214.65278808846412,192.7320050023562,30.511524503154547,-1.2580471900996884,-1.1933392058889156,-0.06470798421077273,51455760.0,1.0713300124223217,-0.010797740805414291,0.022927807364618698
2025-06-06,2025-06-06,00:00:00,202.76987228695742,205.4668084267123,201.82095228760733,203.68882751464844,46607700,1d,4,202.2384796142578,200.67625274658204,204.02644882202148,203.28375549316405,204.02644882202148,214.52659910268102,193.52629854136194,38.107561585925765,-1.0258346798017328,-1.159838300670048,0.13400362086831508,51262200.0,0.909202102133736,0.01639826694665114,0.017899146377298402
2025-06-09,2025-06-09,00:00:00,204.15830357568726,205.76647909477697,199.79326227022588,201.2216339111328,72862600,1d,0,202.18853759765625,201.29355163574218,204.1852684020996,202.84212005615234,204.1852684020996,214.39661578226546,193.97392102193376,38.119921366285546,-1.028979759075014,-1.1336665923501466,0.10468683327513251,53082635.0,1.3726259067583966,-0.012112562253018933,0.029684764547678256
2025-06-10,2025-06-10,00:00:00,200.3726011094186,204.11835001917973,200.34263633745982,202.44024658203125,54672600,1d,1,202.06867370605468,201.53927154541014,203.77972869873048,202.5435662841797,203.77972869873048,213.561806495343,193.99765090211795,43.05138607475324,-0.9225264403575579,-1.0914385619504743,0.16891212159291635,52627475.0,1.0388604051400907,0.00605607184084711,0.018651003174855064
2025-06-11,2025-06-11,00:00:00,203.26930749599725,204.26817387189894,198.18508130061548,198.55465698242188,60989900,1d,2,201.26158752441407,201.37545776367188,203.0730308532715,202.0829071044922,203.0730308532715,212.1628478366116,193.98321386993138,44.345740738807756,-1.1385105509691869,-1.1008529597544228,-0.037657591214764086,53081505.0,1.148985885008347,-0.019193760456297837,0.030636866763704248
2025-06-12,2025-06-12,00:00:00,198.85432303920933,199.45363372918547,197.13627162659284,198.97418212890625,43904600,1d,3,200.9759094238281,201.30054321289063,202.41727523803712,201.60949035644532,202.41727523803712,210.6170815789158,194.21746889715845,46.27071786775485,-1.261293275699245,-1.1329410229439485,-0.1283522527552965,52810445.0,0.8313620534725659,0.002112895022762018,0.01164654669162712
2025-06-13,2025-06-13,00:00:00,199.50357538920457,200.1428492549886,195.47814514596445,196.227294921875,51447300,1d,4,199.48360290527344,200.8610412597656,201.6681251525879,201.06717010498048,201.6681251525879,209.19560503033355,194.14064527484223,52.302868120820975,-1.5622044215008373,-1.218793702656528,-0.3434107188443092,53131335.0,0.9683042972663871,-0.013805244367089187,0.023771943199244153
2025-06-16,2025-06-16,00:00:00,197.07634287373045,198.46476655376847,196.33717625414866,198.195068359375,43020700,1d,0,198.87828979492187,200.53341369628907,201.02685317993163,200.9771942138672,201.02685317993163,207.27639203340385,194.77731432645942,46.048539662306396,-1.6232081772613753,-1.2996765975784033,-0.3235315796829721,52545475.0,0.8187327262718627,0.010028031208825672,0.01073482966670988
2025-06-17,2025-06-17,00:00:00,196.97644196425614,198.16509536417735,194.98870767431248,195.418212890625,38856200,1d,1,197.47388305664063,199.77127838134766,200.37059783935547,201.12715789794922,200.37059783935547,206.02495155847845,194.7162441202325,40.52338572561257,-1.873988218827236,-1.414538921829199,-0.45944929699803705,52181260.0,0.7446389757548975,-0.014010719296581597,0.016254307328266698
2025-06-18,2025-06-18,00:00:00,195.71787336797544,197.3460303816964,194.84886452825484,196.35714721679688,45394700,1d,2,197.0343811035156,199.14798431396486,199.85718002319337,201.43396240234375,199.85718002319337,204.95780195443143,194.7565580919553,43.44102134137277,-1.9742207370788947,-1.5264752848799406,-0.4477454521989541,52326165.0,0.867533479665479,0.004804743182752258,0.012717468596569418
2025-06-20,2025-06-20,00:00:00,198.01527480684123,201.47134391409438,196.6368343380514,200.7721405029297,96813500,1d,4,197.39397277832032,199.18494110107423,199.80274200439453,202.0094253540039,199.80274200439453,204.83611734693656,194.7693666618525,50.25675488393863,-1.6781018695413934,-1.5568006018124052,-0.1213012677289882,54206250.0,1.7860209846650525,0.02248450514132916,0.024079583770600106
2025-06-23,2025-06-23,00:00:00,201.40143343464243,202.07067208145295,198.73446202428119,201.27157592773438,55814300,1d,0,198.4028289794922,198.9432159423828,199.80973434448242,202.06756774902342,199.80973434448242,204.85126519654557,194.76820349241927,49.65350853048659,-1.3871397726275916,-1.5228684359752869,0.1357286633476953,54659845.0,1.0211207148501793,0.00248757334336136,0.016575664207894015
2025-06-24,2025-06-24,00:00:00,202.36033429336192,203.2093768046809,199.9730442780961,200.07293701171875,54064000,1d,1,198.77840270996094,198.8283462524414,200.0609489440918,202.26992553710937,200.0609489440918,204.57688649694862,195.54501139123497,44.78764913514884,-1.2389780150273566,-1.4660903517854926,0.22711233675813602,53441400.0,1.0116501438959309,-0.005955331300461331,0.016175763573637293
2025-06-25,2025-06-25,00:00:00,201.2216365357081,203.43912119943792,200.39257558111612,201.33151245117188,39525700,1d,2,199.9610626220703,198.71747283935548,200.1283721923828,202.34323272705078,200.1283721923828,204.6795405099686,195.57720387479702,47.8498228388741,-1.008388021769747,-1.3745498857820746,0.36616186401232764,52603260.0,0.7513925942992887,0.0062905831155934955,0.015131985953071641
2025-06-26,2025-06-26,00:00:00,201.20164572639828,202.41028074115465,199.23389299836737,200.7721405029297,50799100,1d,3,200.84406127929688,198.93922119140626,200.15733947753907,202.31816558837892,200.15733947753907,204.71760002652124,195.5970789285569,50.66857098059654,-0.8608530107721606,-1.2718105107798505,0.41095750000768994,52876230.0,0.9607171313083402,-0.0027783626191049127,0.015820859083488896
2025-06-27,2025-06-27,00:00:00,201.66113009938155,202.98962419564972,199.77327327657756,200.85205078125,73188600,1d,4,200.86004333496095,199.12700805664062,200.21377563476562,202.30227813720703,200.21377563476562,204.779354955245,195.64819631428625,44.19461714531959,-0.7290785295734281,-1.163264114538362,0.43418558496493387,53965820.0,1.3562028706318185,0.00039801477495893245,0.016013532879358697
